<application>
  <component name="FindSettings">
    <option name="customScope" value="All Places" />
    <option name="defaultScopeName" value="All Places" />
    <option name="localCaseSensitive" value="true" />
    <option name="regularExpressions" value="true" />
    <option name="LOCAL_CASE_SENSITIVE_SEARCH" value="true" />
    <option name="REGULAR_EXPRESSIONS" value="true" />
    <option name="WITH_SUBDIRECTORIES" value="false" />
    <option name="SEARCH_SCOPE" value="All Places" />
    <option name="FILE_MASK" value="*.rb" />
    <mask>*.css</mask>
    <mask>*.html</mask>
    <mask>*.xml</mask>
    <mask>*.ru</mask>
    <mask>*.gemspec</mask>
    <mask>*.jbuilder</mask>
    <mask>*.thor</mask>
    <mask>*.rake</mask>
    <mask>*.rbw</mask>
    <mask>*.rbi</mask>
    <mask>*.js</mask>
    <mask>*.jsx</mask>
    <mask>*.rb</mask>
  </component>
</application>