<application>
  <component name="AppStorage">
    <option name="newTranslationDialogHeight" value="428" />
    <option name="newTranslationDialogWidth" value="726" />
    <option name="newTranslationDialogX" value="3527" />
    <option name="newTranslationDialogY" value="897" />
    <option name="pinTranslationDialog" value="true" />
    <histories>
      <item value="unnecessary" />
      <item value="unnessecary" />
      <item value="Waiting" />
      <item value="Viewed" />
      <item value="Viwed" />
      <item value="unnesecary" />
      <item value="releases" />
      <item value="realeses" />
      <item value="update sub type" />
      <item value="update stroke color" />
      <item value="update bounding box" />
      <item value="receiver mail" />
      <item value="reciever mail" />
      <item value="Update Approval Tracking" />
      <item value="Tasks" />
      <item value="unnassasery" />
      <item value="Create" />
      <item value="it 'not broadcasts event' do" />
      <item value="RSpec.shared_examples 'broadcasts event' do |value|" />
      <item value="RSpec.shared_examples 'does not broadcast event' do |value|" />
      <item value="unnesesart" />
      <item value="let declaration `agreement` accessed in a `before(:context)` hook at: parvatispecservicesagreement_documentsreview_spec.rb:29:in `block (2 levels) in &lt;top (required)&gt;' `let` and `subject` declarations are not intended to be called in a `before(:context)` hook, as they exist to define state that is reset between each example, while `before(:context)` exists to define state that is shared across examples in an example group." />
      <item value="jot something down" />
      <item value="jot" />
      <item value=":unprocessable entity" />
      <item value="update questions and answers" />
      <item value="save whos involved" />
      <item value="Save Whos Involved" />
      <item value="require 'image_size'" />
    </histories>
    <option name="languageScores">
      <map>
        <entry key="ENGLISH" value="28" />
        <entry key="CORSICAN" value="1" />
        <entry key="UKRAINIAN" value="31" />
        <entry key="SPANISH" value="1" />
      </map>
    </option>
  </component>
  <component name="Cache">
    <option name="lastTrimTime" value="1667990107609" />
  </component>
  <component name="Settings">
    <option name="googleTranslateSettings">
      <google-translate>
        <option name="primaryLanguage" value="UKRAINIAN" />
      </google-translate>
    </option>
  </component>
</application>